WORD,FLAIR_TAG,CUSTOM_TAG
token,NN,N
state,NN,N
4i,CD,D
artificial,JJ,NM
logo,NN,N
bt,IN,P
whole,JJ,NM
primitives,NNS,NPL
1,CD,D
skip,NN,N
name,NN,N
datas,NNS,NPL
collector,NN,N
7,CD,D
init,NN,N
factory,NN,N
self,NN,N
palette,NN,N
id,NN,N
pnm,NN,N
face,NN,N
default,NN,N
and,CC,CJ
from,IN,P
simulate,VB,V
builder,NN,N
whitespace,NN,N
client,NN,N
after,IN,P
functions,NNS,NPL
in,IN,P
type,NN,N
out,RB,VM
next,JJ,NM
char,NN,N
xml,NN,N
raw,JJ,NM
parameter,NN,N
synced,VBN,NM
events,NNS,NPL
2,CD,D
num,UH,UNKNOWN
next,JJ,NM
pools,NNS,NPL
remap,VB,V
playing,VBG,NM
for,IN,P
matched,VBN,NM
parse,NN,N
class,NN,N
4,CD,D
wakeup,NN,N
replace,VB,V
2,CD,D
ip6,NN,N
from,IN,P
k,FW,N
private,JJ,NM
interface,NN,N
exit,NN,N
st,IN,P
action,NN,N
by,IN,P
k,NN,N
object,NN,N
timestamp,NN,N
1,CD,D
and,CC,CJ
url,UH,UNKNOWN
2,CD,D
color,NN,N
2,CD,D
id,NN,N
idx,NN,N
index,NN,N
sz,NNP,N
provision,NN,N
after,IN,P
constraint,NN,N
id,VB,V
2,CD,D
file,NN,N
utf8,NNP,N
for,IN,P
scale,NN,N
rgb565,CD,D
network,NN,N
cols,NNS,NPL
bond,NN,N
driver,NN,N
st,IN,P
not,RB,VM
last,JJ,NM
free,JJ,NM
in,IN,P
no,DT,DT
3,CD,D
qc,UH,UNKNOWN
when,WRB,UNKNOWN
v,NN,N
group,NN,N
depthwise,NN,N
action,NN,N
be,VB,V
split,NN,N
x,SYM,N
node,NN,N
settings,NNS,NPL
and,CC,CJ
decode,NN,N
returned,VBN,NM
dig,NN,N
token,JJ,NM
program,NN,N
client,NN,N
consumer,NN,N
dividend,NN,N
options,NNS,NPL
2,CD,D
pointer,NN,N
pointer,NN,N
outer,JJ,NM
unknown,JJ,NM
window,NN,N
group,NN,N
throwable,JJ,NM
escalation,NN,N
buff,JJ,NM
abcd,NN,N
src,NN,N
from,IN,P
new,JJ,NM
append,VB,V
bibliography,NN,N
metric,NN,N
label,NN,N
encoded,VBN,NM
bke,UH,UNKNOWN
neighbor,NN,N
file,NN,N
actual,JJ,NM
remove,VB,V
on,IN,P
default,NN,N
phase,NN,N
nodes,NNS,NPL
forward,RB,VM
purge,NN,N
up,RB,VM
expression,NN,N
parameter,NN,N
pairs,NNS,NPL
ack,NN,N
as,IN,P
leg,NN,N
2d,NN,N
offt,VB,V
time,NN,N
push,NN,N
for,IN,P
notify,VBP,V
even,RB,VM
sec,NN,N
color,NN,N
width,NN,N
up,RB,VM
last,JJ,NM
values,NNS,NPL
example,NN,N
now,RB,VM
read,VBD,NM
this,DT,DT
learned,VBD,NM
for,IN,P
free,JJ,NM
index,NN,N
to,TO,P
friction,NN,N
m,NN,N
child,NN,N
ctx,NN,N
pair,NN,N
double,JJ,NM
dir,NN,N
mask,NN,N
png,UH,UNKNOWN
size,NN,N
iax2,NNP,N
last,JJ,NM
out,RB,VM
minor,JJ,NM
render,NN,N
last,JJ,NM
method,NN,N
no,UH,UNKNOWN
part,NN,N
no,DT,DT
id,NN,N
sky,NN,N
create,VBP,V
all,DT,DT
response,NN,N
gradient,NN,N
find,VB,V
1515,CD,D
channel,NN,N
merged,VBN,NM
tar,NN,N
name,NN,N
no,DT,DT
from,IN,P
class,NN,N
update,NN,N
annotations,NNS,NPL
8,CD,D
delay,NN,N
for,IN,P
base,NN,N
android,NN,N
caching,NN,N
2,CD,D
own,JJ,NM
ns,UH,UNKNOWN
no,DT,DT
instance,NN,N
tcp,NN,N
r,NN,N
big,JJ,NM
up,RP,VM
n,PRP$,UNKNOWN
lp,NN,N
write,VB,V
in,IN,P
fracture,NN,N
neighbour,NN,N
1,CD,D
property,NN,N
is,VBZ,V
version,NN,N
set,NN,N
b,LS,N
cache,NN,N
python,NN,N
bytes,NNS,NPL
c,UH,UNKNOWN
xml,NN,N
to,IN,P
lookup,NN,N
entry,NN,N
map,NN,N
get,VB,V
change,NN,N
with,IN,P
thumbnail,NN,N
2,CD,D
node,NN,N
m,NN,N
read,VB,V
start,VBP,V
to,IN,P
a,DT,DT
ty,NN,N
inbound,RB,VM
comment,NN,N
after,IN,P
after,IN,P
docker,NN,N
task,NN,N
ingress,NN,N
is,VBZ,V
1,CD,D
to,IN,P
signal,NN,N
sample,NN,N
index,NN,N
this,DT,DT
merge,VB,V
this,DT,DT
out,RP,VM
xdf,NN,N
actual,JJ,NM
width,NN,N
generated,VBN,NM
add,VB,V
layer,NN,N
now,UH,UNKNOWN
subtract,VB,V
udpif,NNP,N
response,NN,N
vmanip,NN,N
transform,NN,N
fine,JJ,NM
x,SYM,N
column,NN,N
meta,NN,N
scholes,NNS,NPL
3,CD,D
info,NN,N
dir,NN,N
5,NOT_FOUND,UNKNOWN
key,JJ,NM
2,CD,D
positions,NNS,NPL
delete,VBP,V
set,VB,V
seg,UH,UNKNOWN
clang,NNP,N
set,NN,N
valid,JJ,NM
all,DT,DT
lexer,NN,N
data,NNS,NPL
maximize,VB,V
generate,VB,V
s3,CD,D
eclipse,NN,N
value,NN,N
only,RB,VM
function,NN,N
to,TO,P
frame,NN,N
lines,NNS,NPL
expr,NN,N
fence,NN,N
some,DT,DT
key,NN,N
labels,NNS,NPL
stash,NN,N
token,NN,N
mag,NN,N
transport,NN,N
content,NN,N
feel,VB,V
vector,NN,N
msg,FW,N
spell,NN,N
bus,NN,N
field,NN,N
result,NN,N
mocking,NN,N
ref,NN,N
categories,NNS,NPL
merge,VB,V
2,CD,D
buf,NNP,N
index,NN,N
exception,NN,N
to,IN,P
last,JJ,NM
add,VB,V
write,NN,N
method,NN,N
layer,NN,N
client,NN,N
argument,NN,N
constant,JJ,NM
phrase,NN,N
after,IN,P
z,NN,N
as,IN,P
listener,NN,N
expression,NN,N
literal,JJ,NM
name,NN,N
session,NN,N
reference,NN,N
layer,NN,N
16,CD,D
string,NN,N
value,NN,N
random,JJ,NM
temp,NN,N
length,NN,N
pybullet,NN,N
number,NN,N
lines,NNS,NPL
name,NN,N
use,NN,N
3,CD,D
groups,NNS,NPL
rtree,NN,N
settings,NNS,NPL
has,VBZ,V
expr,NN,N
dense,JJ,NM
ofs,NNS,NPL
add,VB,V
page,NN,N
set,NN,N
rect,NN,N
animation,NN,N
file,NN,N
sv,NN,N
get,VB,V
2,CD,D
no,DT,DT
add,VB,V
from,IN,P
new,JJ,NM
line,NN,N
til,NN,N
can,MD,V
struct,VB,V
path,NN,N
button,NN,N
byte,NN,N
format,NN,N
idb,NN,N
type,NN,N
dummy,JJ,NM
norm,NN,N
icy,JJ,NM
android,NN,N
account,NN,N
validate,VB,V
err,NN,N
spec,NN,N
server,NN,N
b,LS,N
seconds,NNS,NPL
1,CD,D
dshow,NN,N
has,VBZ,V
local,JJ,NM
entry,NN,N
prev,UH,UNKNOWN
size,NN,N
transport,NN,N
exprs,NN,N
cost,NN,N
next,RB,VM
from,IN,P
type,NN,N
ico,NN,N
is,VBZ,V
map,NN,N
public,JJ,NM
list,NN,N
hidden,VBN,NM
signature,NN,N
get,VB,V
page,NN,N
time,NN,N
pred,VBN,NM
flag,NN,N
need,VBP,V
only,RB,VM
raw,JJ,NM
used,VBN,NM
TRUE,JJ,NM
array,NN,N
json,NN,N
processing,NN,N
point,NN,N
execute,NN,N
bodies,NNS,NPL
only,RB,VM
tree,NN,N
matches,NNS,NPL
visual,JJ,NM
leg,NN,N
states,NNS,NPL
bias,NN,N
first,RB,VM
current,JJ,NM
return,VB,V
receiver,NN,N
node,NN,N
1,CD,D
or,CC,CJ
cout,NN,N
modal,NN,N
deconvolution,NN,N
x509,CD,D
keep,VB,V
builder,NN,N
command,NN,N
create,VB,V
iam,NN,N
save,VB,V
web,NN,N
annuity,NN,N
e,NFP,UNKNOWN
filter,NN,N
value,NN,N
change,NN,N
1d,NN,N
charuco,NN,N
formula,NN,N
socks4,NN,N
text,NN,N
security,NN,N
current,JJ,NM
is,VBZ,V
index,NN,N
score,NN,N
leaks,NNS,NPL
expected,JJ,NM
mesh,VB,V
from,IN,P
segmenter,NN,N
common,JJ,NM
2,CD,D
join,VB,V
target,NN,N
command,NN,N
down,RP,VM
dig,NN,N
listeners,NNS,NPL
before,RB,VM
t,NN,N
a,DT,DT
expiring,VBG,NM
i,PRP,PR
index,NN,N
bound,VBN,NM
patch,NN,N
parser,NN,N
path,NN,N
gaps,NNS,NPL
x,SYM,N
dpp,NN,N
block,NN,N
bone,NN,N
equals,VBZ,V
pad,NN,N
enable,VB,V
on,IN,P
submodule,NN,N
all,DT,DT
to,IN,P
ds,VBZ,V
filter,NN,N
size,NN,N
pull,NN,N
padding,NN,N
z,LS,N
b,LS,N
term,NN,N
indexed,VBN,NM
index,NN,N
a,DT,DT
row,NN,N
is,VBZ,V
spread,NN,N
sha256,NNP,N
empty,JJ,NM
faces,VBZ,V
ptr,NN,N
size,NN,N
ping,NN,N
get,VB,V
field,NN,N
contact,NN,N
time,NN,N
plugin,NNP,N
args,NNS,NPL
indexed,VBD,NM
mod,JJ,NM
all,DT,DT
string,VB,V
16,CD,D
feed,NN,N
node,NN,N
array,NN,N
next,JJ,NM
system,NN,N
used,VBD,NM
verify,VB,V
self,NN,N
m,UH,UNKNOWN
d,NN,N
int64,CD,D
disk,NN,N
caplet,NN,N
matcher,NN,N
java11,NNP,N
in,IN,P
prev,UH,UNKNOWN
2,CD,D
directory,NN,N
sk,NN,N
a,DT,DT
report,NN,N
regex,NN,N
embedding,NN,N
bytes,NNS,NPL
array,JJ,NM
point,NN,N
s3fs,NNS,NPL
from,IN,P
a,DT,DT
each,DT,DT
all,DT,DT
period,NN,N
bean,NN,N
if,IN,P
code,NN,N
inkey,JJ,NM
map,NN,N
s,NNS,NPL
pref,NN,N
exception,NN,N
component,NN,N
boxes,NNS,NPL
http11,CD,D
listener,NN,N
some,DT,DT
socks4,NN,N
get,VBP,V
convolution,NN,N
default,NN,N
default,NN,N
bit,NN,N
get,VB,V
types,NNS,NPL
ms,NNS,NPL
before,RB,VM
m,UH,UNKNOWN
save,VB,V
execute,VB,V
c,NN,N
dn,IN,P
rule,NN,N
datum,FW,N
last,JJ,NM
cursor,NN,N
convolution,NN,N
singularity,NN,N
on,IN,P
befores,NNS,NPL
main,JJ,NM
lower,JJR,NM
driver,NN,N
size,NN,N
m,UH,UNKNOWN
pixels,NNS,NPL
bio,NN,N
error,NN,N
labels,NNS,NPL
since,IN,P
html,JJ,NM
for,IN,P
rules,NNS,NPL
reapply,VB,V
search,NN,N
amz,NN,N
behind,IN,P
now,UH,UNKNOWN
gui,NN,N
last,JJ,NM
schema,NN,N
socket,NN,N
field,NN,N
buff,NN,N
forward,RB,VM
to,IN,P
host,NN,N
actual,JJ,NM
pad,NN,N
key,NN,N
plane,NN,N
changed,VBN,NM
ack,VB,V
ctx,NN,N
fprint,NNP,N
force,NN,N
v,IN,P
over,IN,P
indexes,NNS,NPL
set,NN,N
mail,NN,N
read,VB,V
treebank,NN,N
logger,NN,N
to,IN,P
latency,NN,N
stream,NN,N
max,NN,N
from,IN,P
class,NN,N
pipeline,NN,N
field,NN,N
k,NN,N
return,NN,N
password,NN,N
httperf,NNP,N
vertex,NN,N
shutdown,NN,N
param,NNP,N
now,RB,VM
discount,NN,N
ice,NN,N
with,IN,P
clip,NN,N
more,JJR,NM
file,NN,N
unknown,JJ,NM
parent,NN,N
res,NNS,NPL
handle,NN,N
to,TO,P
of,IN,P
im,NN,N
m,UH,UNKNOWN
transformations,NNS,NPL
shape,NN,N
memory,NN,N
as,IN,P
cat,NN,N
constructor,NN,N
workspace,NN,N
zero,CD,D
codes,NNS,NPL
icon,NN,N
texture,NN,N
position,NN,N
labels,NNS,NPL
all,DT,DT
text,NN,N
m,NN,N
content,NN,N
ok,UH,UNKNOWN
to,IN,P
incoming,JJ,NM
parent,NN,N
c,NN,N
c,NN,N
default,NN,N
double,JJ,NM
handlers,NNS,NPL
text,NN,N
buckets,NNS,NPL
copied,VBN,NM
func,NNS,NPL
all,DT,DT
connect,NN,N
string,NN,N
contact,NN,N
c,LS,N
i,PRP,PR
expr,NN,N
weak,JJ,NM
sqlite3,NNP,N
new,JJ,NM
text,NN,N
1,CD,D
avg,NN,N
default,NN,N
to,TO,P
hdr,PRP$,UNKNOWN
bitstream,NN,N
netdev,NN,N
index,NN,N
failure,NN,N
found,VBN,NM
save,VB,V
1,CD,D
copies,NNS,NPL
and,CC,CJ
as,IN,P
frame,NN,N
types,NNS,NPL
mj,NNP,N
min,UH,UNKNOWN
tex,NN,N
a,DT,DT
sum,NN,N
set,VBN,NM
client,NN,N
key,NN,N
after,IN,P
1,CD,D
string,NN,N
5,CD,D
2,CD,D
actions,NNS,NPL
filter,NN,N
property,NN,N
token,NN,N
core,NN,N
float,NN,N
global,JJ,NM
only,RB,VM
wnd,VBD,NM
vlan,NN,N
only,RB,VM
threshold,NN,N
truncate,VBP,V
from,IN,P
in,IN,P
p,NN,N
1,CD,D
color,NN,N
out,RB,VM
ge,NN,N
next,JJ,NM
no,DT,DT
server,NN,N
vid,NN,N
action,NN,N
action,NN,N
if,IN,P
of,IN,P
num,UH,UNKNOWN
last,JJ,NM
deformable,JJ,NM
cos,NNS,NPL
dir,VB,V
1,CD,D
element,NN,N
list,NN,N
project,NN,N
size,NN,N
ms,NNS,NPL
2,CD,D
38,CD,D
group,NN,N
class,NN,N
gimp,NN,N
is,VBZ,V
to,TO,P
expression,NN,N
mode,NN,N
dirs,NNS,NPL
send,VB,V
2dimensional,JJ,NM
handle,NN,N
murmur,NN,N
name,NN,N
details,NNS,NPL
handshake,NN,N
comparator,NN,N
rule,NN,N
type,NN,N
degs,NNS,NPL
field,NN,N
m,UH,UNKNOWN
and,CC,CJ
controlled,VBN,NM
base,NN,N
bar,NN,N
value,NN,N
gimp,NN,N
cause,NN,N
list,NN,N
2,CD,D
app,NN,N
buffer,NN,N
expand,VBP,V
this,DT,DT
cb,NN,N
of,IN,P
subtypes,NNS,NPL
render,NN,N
ko,UH,UNKNOWN
sym,NN,N
igraph,NN,N
get,VB,V
default,NN,N
param,NN,N
con,NN,N
rule,NN,N
400,CD,D
keep,VB,V
next,JJ,NM
x,SYM,N
bytes,NNS,NPL
sqlite3,FW,N
s3fs,NNS,NPL
yyp,NN,N
since,IN,P
what,WP,UNKNOWN
rot,NN,N
generator,NN,N
setup,VB,V
f,XX,UNKNOWN
b,NN,N
register,VB,V
query,NN,N
more,JJR,NM
throttled,VBN,NM
this,DT,DT
view,NN,N
last,RB,VM
string,VBP,V
error,NN,N
0,CD,D
if,IN,P
read,VBD,NM
byte,NN,N
gby,NNP,N
bucket,NN,N
raw,JJ,NM
delete,VB,V
time,NN,N
all,DT,DT
condition,NN,N
is,VBZ,V
order,NN,N
task,NN,N
paint,NN,N
m,UH,UNKNOWN
down,RB,VM
push,NN,N
search,NN,N
pool,NN,N
or,CC,CJ
private,JJ,NM
data,NNS,NPL
data,NN,N
h,NN,N
context,NN,N
for,IN,P
check,VB,V
child,NN,N
size,NN,N
max,NN,N
bias,NN,N
on,IN,P
from,IN,P
availability,NN,N
4,CD,D
bucket,NN,N
im,UH,UNKNOWN
datum,NN,N
strategy,NN,N
to,TO,P
remove,VBP,V
get,NN,N
y,CD,D
rule,NN,N
config,NN,N
label,NN,N
build,VB,V
2,CD,D
idx,NN,N
history,NN,N
mock,NN,N
deconvolution,NN,N
count,NN,N
fun,NN,N
like,UH,UNKNOWN
stream,NN,N
canonical,JJ,NM
provided,VBN,NM
table,NN,N
matrix,NN,N
initialization,NN,N
pack,NN,N
layout,NN,N
stencil,NN,N
done,VBN,NM
times,NNS,NPL
demo,NN,N
usr,NN,N
y,LS,N
on,IN,P
mtx,NNP,N
item,NN,N
nonce,NN,N
cache,NN,N
as,IN,P
if,IN,P
for,IN,P
closure,NN,N
receive,VBP,V
mun,NN,N
exp,NN,N
subj,NN,N
add,VB,V
development,NN,N
in,IN,P
response,VBP,V
members,NNS,NPL
to,IN,P
each,DT,DT
each,DT,DT
colored,JJ,NM
pos,NN,N
im,VB,V
as,IN,P
rays,NNS,NPL
text,NN,N
timing,NN,N
perlin,NNP,N
effective,JJ,NM
out,RB,VM
label,NN,N
result,NN,N
adapter,NN,N
u,PRP,PR
num,UH,UNKNOWN
stride,NN,N
args,NNS,NPL
get,VB,V
token,NN,N
time,NN,N
dynamics,NNS,NPL
micros,NNS,NPL
in,IN,P
if,IN,P
ptr,NN,N
launch,VB,V
abc,XX,UNKNOWN
for,IN,P
after,IN,P
enabled,VBD,NM
active,JJ,NM
element,NN,N
memory,NN,N
script,NN,N
q,NN,N
canvas,NNP,N
path,NN,N
num,UH,UNKNOWN
passwd,JJ,NM
manager,NN,N
validate,VB,V
offset,NN,N
build,VB,V
proc,NN,N
frame,NN,N
inclusive,JJ,NM
save,VB,V
png,NN,N
editor,NN,N
action,NN,N
id,NN,N
3,CD,D
configs,VBZ,V
lost,VBN,NM
change,NN,N
transform,NN,N
casts,NNS,NPL
last,JJ,NM
payoff,NN,N
r,NN,N
cap,NN,N
source,NN,N
getter,NN,N
mixed,VBD,NM
root,NN,N
start,NN,N
m,UH,UNKNOWN
stream,NN,N
name,NN,N
factory,NN,N
for,IN,P
tune,NN,N
load,NN,N
validate,NN,N
rx1024,CD,D
idx,NN,N
final,JJ,NM
pad,NN,N
1,CD,D
count,VB,V
log,VB,V
all,DT,DT
what,WP,UNKNOWN
schema,NN,N
default,NN,N
script,NN,N
for,IN,P
functions,NNS,NPL
set,NN,N
p,XX,UNKNOWN
for,IN,P
vanilla,NN,N
weaver,NN,N
at,IN,P
unknown,JJ,NM
all,DT,DT
1,CD,D
assignment,NN,N
